{
  "src/proxy.ts": 1780478403.691889,
  "src/types/next-auth.d.ts": 1780453480.3271537,
  "src/context/AuthProvider.tsx": 1780442547.4531748,
  "src/app/layout.tsx": 1780463736.7928867,
  "src/app/page.tsx": 1780463581.0358243,
  "src/app/advertiser/layout.tsx": 1780463013.2867343,
  "src/app/advertiser/page.tsx": 1780479041.2448494,
  "src/app/advertiser/campaigns/page.tsx": 1780463038.3341916,
  "src/app/advertiser/heatmaps/page.tsx": 1780463038.3343284,
  "src/app/advertiser/billing/page.tsx": 1780514995.4719708,
  "src/app/advertiser/reports/page.tsx": 1780514993.4371214,
  "src/app/brand/layout.tsx": 1780463005.7966852,
  "src/app/brand/page.tsx": 1780479018.3407533,
  "src/app/brand/products/page.tsx": 1780463038.3320932,
  "src/app/brand/qr-codes/page.tsx": 1780463038.3325639,
  "src/app/brand/delivery/page.tsx": 1780463038.332704,
  "src/app/brand/campaigns/page.tsx": 1780463038.3322766,
  "src/app/brand/heatmaps/page.tsx": 1780463038.3328557,
  "src/app/brand/batches/page.tsx": 1780463038.3324118,
  "src/app/brand/billing/page.tsx": 1780514981.6503627,
  "src/app/brand/reports/page.tsx": 1780514979.595581,
  "src/app/admin/layout.tsx": 1780464972.466391,
  "src/app/admin/page.tsx": 1780523587.8476617,
  "src/app/admin/products/actions.ts": 1780468825.2579417,
  "src/app/admin/products/page.tsx": 1780468875.7631912,
  "src/app/admin/products/products-client.tsx": 1780468868.4955401,
  "src/app/admin/qr-codes/qr-codes-client.tsx": 1780473593.2373543,
  "src/app/admin/qr-codes/actions.ts": 1780473546.5975235,
  "src/app/admin/qr-codes/page.tsx": 1780473598.606227,
  "src/app/admin/brands/brands-client.tsx": 1780591728.6001117,
  "src/app/admin/brands/actions.ts": 1780467718.5449846,
  "src/app/admin/brands/page.tsx": 1780591722.828814,
  "src/app/admin/advertisers/advertisers-client.tsx": 1780591739.051487,
  "src/app/admin/advertisers/actions.ts": 1780467727.6672688,
  "src/app/admin/advertisers/page.tsx": 1780591732.2009132,
  "src/app/admin/users/actions.ts": 1780591717.2397451,
  "src/app/admin/users/users-client.tsx": 1780471998.371743,
  "src/app/admin/users/page.tsx": 1780472056.308141,
  "src/app/admin/delivery/page.tsx": 1780478481.1508975,
  "src/app/admin/campaigns/actions.ts": 1780469614.9270635,
  "src/app/admin/campaigns/page.tsx": 1780469703.5931077,
  "src/app/admin/campaigns/campaigns-client.tsx": 1780469696.7474418,
  "src/app/admin/heatmaps/page.tsx": 1780479947.233279,
  "src/app/admin/batches/actions.ts": 1780470299.6534367,
  "src/app/admin/batches/page.tsx": 1780470371.0370684,
  "src/app/admin/batches/batches-client.tsx": 1780470361.9086401,
  "src/app/admin/billing/page.tsx": 1780514943.2122257,
  "src/app/admin/suspicious-scans/actions.ts": 1780509567.6515014,
  "src/app/admin/suspicious-scans/suspicious-scans-client.tsx": 1780510405.9933608,
  "src/app/admin/suspicious-scans/page.tsx": 1780509572.0029223,
  "src/app/admin/reports/page.tsx": 1780514941.7748466,
  "src/app/retail/layout.tsx": 1780463017.1086364,
  "src/app/retail/page.tsx": 1780478447.9811945,
  "src/app/retail/scan/page.tsx": 1780463038.3348324,
  "src/app/retail/deliveries/page.tsx": 1780478462.1014743,
  "src/app/campaign-manager/layout.tsx": 1780463010.0029554,
  "src/app/campaign-manager/page.tsx": 1780479031.3759408,
  "src/app/campaign-manager/qr-codes/page.tsx": 1780463038.3336763,
  "src/app/campaign-manager/campaigns/page.tsx": 1780463038.333513,
  "src/app/campaign-manager/analytics/page.tsx": 1780463038.3338363,
  "src/app/campaign-manager/reports/page.tsx": 1780515006.3838801,
  "src/app/api/qr-codes/[id]/download/svg/route.ts": 1780473561.5152805,
  "src/app/api/qr-codes/[id]/download/png/route.ts": 1780473612.3977747,
  "src/app/api/auth/resend-verification/route.ts": 1780456828.5066166,
  "src/app/api/auth/signup/route.ts": 1780456872.0116255,
  "src/app/api/auth/verify-email/route.ts": 1780463679.2942295,
  "src/app/api/auth/[...nextauth]/route.ts": 1780442602.9528553,
  "src/app/api/auth/[...nextauth]/options.ts": 1780455727.192734,
  "src/app/api/auth/send-email-verification/route.ts": 1780463695.069403,
  "src/app/api/public/rewards/verify/route.ts": 1780477606.7962906,
  "src/app/api/public/rewards/start/route.ts": 1780477603.198633,
  "src/app/api/reports/route.ts": 1780515030.458341,
  "src/app/(auth)/signup/layout.tsx": 1780457261.9256008,
  "src/app/(auth)/signup/page.tsx": 1780462962.2141156,
  "src/app/(auth)/verify-email/layout.tsx": 1780457261.9268663,
  "src/app/(auth)/verify-email/page.tsx": 1780462969.6853585,
  "src/app/(auth)/login/layout.tsx": 1780457261.9238784,
  "src/app/(auth)/login/page.tsx": 1780463710.743529,
  "src/app/d/[code]/actions.ts": 1780478396.4275262,
  "src/app/d/[code]/page.tsx": 1780478432.3740246,
  "src/app/q/[code]/page.tsx": 1780515830.6019902,
  "src/server/services/delivery-scan.service.ts": 1780478599.5219755,
  "src/server/services/batches.service.ts": 1780470291.5568151,
  "src/server/services/campaigns.service.ts": 1780469601.6580713,
  "src/server/services/products.service.ts": 1780468818.0555642,
  "src/server/services/admin-dashboard.service.ts": 1780465008.713925,
  "src/server/services/public-scan.service.ts": 1780510400.8187926,
  "src/server/services/scan-classification.service.ts": 1780509563.76951,
  "src/server/services/reports.service.ts": 1780515032.3229036,
  "src/server/services/heatmaps.service.ts": 1780479922.2443645,
  "src/server/services/users.service.ts": 1780591675.931045,
  "src/server/services/billing.service.ts": 1780514859.0982637,
  "src/server/services/advertisers.service.ts": 1780591696.098957,
  "src/server/services/reward-claim.service.ts": 1780477593.9560242,
  "src/server/services/brands.service.ts": 1780591688.2198236,
  "src/server/services/qr-codes.service.ts": 1780473575.4658666,
  "src/server/services/analytics.service.ts": 1780479090.9581726,
  "src/components/commonNavbar.tsx": 1780459863.361847,
  "src/components/app-sidebar.tsx": 1780459865.4031105,
  "src/components/dashboard-topbar-user.tsx": 1780459867.433299,
  "src/components/experience/client-utils.ts": 1780459871.4782732,
  "src/components/experience/experience-shell.tsx": 1780459875.5394623,
  "src/components/ui/alert-dialog.tsx": 1780441553.815224,
  "src/components/ui/pagination.tsx": 1780441553.9074955,
  "src/components/ui/tabs.tsx": 1780441553.3600852,
  "src/components/ui/card.tsx": 1780441553.3066823,
  "src/components/ui/input-group.tsx": 1780441553.94008,
  "src/components/ui/popover.tsx": 1780441553.5766275,
  "src/components/ui/sheet.tsx": 1780441553.7828298,
  "src/components/ui/label.tsx": 1780441553.5479968,
  "src/components/ui/sonner.tsx": 1780441553.6597323,
  "src/components/ui/tooltip.tsx": 1780441553.6890876,
  "src/components/ui/alert.tsx": 1780441553.4173827,
  "src/components/ui/breadcrumb.tsx": 1780441553.475345,
  "src/components/ui/command.tsx": 1780441554.049561,
  "src/components/ui/avatar.tsx": 1780441553.4446683,
  "src/components/ui/dialog.tsx": 1780441553.7492514,
  "src/components/ui/badge.tsx": 1780441553.390008,
  "src/components/ui/sidebar.tsx": 1780441554.0081313,
  "src/components/ui/table.tsx": 1780441553.3352535,
  "src/components/ui/separator.tsx": 1780441553.5993035,
  "src/components/ui/button.tsx": 1780441464.698625,
  "src/components/ui/checkbox.tsx": 1780441553.503865,
  "src/components/ui/collapsible.tsx": 1780441553.525991,
  "src/components/ui/dropdown-menu.tsx": 1780441553.2802682,
  "src/components/ui/select.tsx": 1780441553.2273455,
  "src/components/ui/textarea.tsx": 1780441553.148992,
  "src/components/ui/input.tsx": 1780441553.1077893,
  "src/components/ui/skeleton.tsx": 1780441553.6260436,
  "src/components/forms/brand-form.tsx": 1780591780.9707294,
  "src/components/forms/advertiser-form.tsx": 1780591784.4460218,
  "src/components/forms/qr-code-form.tsx": 1780473583.619797,
  "src/components/forms/batch-form.tsx": 1780470331.6377943,
  "src/components/forms/campaign-form.tsx": 1780469660.5976105,